{ "_id" : 1, "downloadsLastMonth.count" : { "avg" : 3913.031287811337, "variance" : 3979093178.90093, "stddev" : 63080.05373254632 } }
